value_type,variable,clean_name,date,type,obs,observed,forecast_start,exponentiated,mean,median,sd,mad,q5,q20,q80,q95,rhat,ess_bulk,ess_tail
model,avg_voc_advantage,Average VOC effect,,,,,,FALSE,0.589,0.589,0.0308,0.0297,0.541,0.564,0.613,0.639,1,1270,1250
model,beta,Beta,,,,,,FALSE,0.23,0.26,0.408,0.453,-0.466,-0.151,0.621,0.846,1,779,923
model,init_cases[1],Initial cases,,,,,,FALSE,89800,89600,6140,5820,79900,84800,94600,99900,1,1360,1340
model,init_voc_cases[1],Initial VOC cases,,,,,,FALSE,222,221,22.7,21.6,186,203,240,261,1,1610,1060
model,phi[1],Notification overdispersion,,,,,,FALSE,95.3,78,74.2,53.2,21.2,41.2,135,231,1,746,1030
model,phi[2],Sequencing overdispersion,,,,,,FALSE,191,160,133,98.3,44.5,92.2,268,443,1,1760,1150
model,r_init,Initial growth,,,,,,FALSE,0.133,0.135,0.0762,0.0721,0.00886,0.0737,0.193,0.255,1,950,923
model,r_scale,Growth (sd),,,,,,FALSE,0.118,0.111,0.0558,0.0542,0.044,0.0686,0.161,0.218,1,771,1310
model,voc_mod,Initial VOC effect,,,,,,TRUE,1.80218532867608,1.80218532867608,0.0308,0.0297,1.71772372733655,1.75768921436982,1.84596098320743,1.89458534635009,1,1270,1250
cases,sim_cases[1],,2021-03-20,Combined,87328,TRUE,FALSE,,89700,89100,13800,12200,68400,79200,1e+05,112000,1,1630,1660
cases,sim_cases[2],,2021-03-27,Combined,109442,TRUE,FALSE,,103000,102000,14900,13200,78900,91100,113000,127000,1,2030,1750
cases,sim_cases[3],,2021-04-03,Combined,117965,TRUE,FALSE,,114000,113000,17800,14700,87900,101000,126000,144000,1,1810,1630
cases,sim_cases[4],,2021-04-10,Combined,107223,TRUE,FALSE,,122000,121000,19200,16200,92500,107000,135000,154000,1,1820,1580
cases,sim_cases[5],,2021-04-17,Combined,142664,TRUE,FALSE,,133000,133000,20800,18000,101000,117000,149000,168000,1,1830,1610
cases,sim_cases[6],,2021-04-24,Combined,145568,TRUE,FALSE,,138000,137000,21200,18800,105000,122000,153000,172000,1,1860,1520
cases,sim_cases[7],,2021-05-01,Combined,131887,TRUE,FALSE,,129000,128000,20000,17400,97200,114000,143000,161000,1,1980,1660
cases,sim_cases[8],,2021-05-08,Combined,107141,TRUE,FALSE,,107000,106000,16700,13800,82300,94100,118000,133000,1,2230,1980
cases,sim_cases[9],,2021-05-15,Combined,77261,TRUE,FALSE,,79700,78900,12500,10700,61200,70400,88700,1e+05,0.999,2100,1860
cases,sim_cases[10],,2021-05-22,Combined,57310,TRUE,FALSE,,55400,54900,8090,7300,42600,49000,61500,69300,1,2090,1810
cases,sim_cases[11],,2021-05-29,Combined,33052,TRUE,FALSE,,35800,35500,5490,4620,27700,31800,39600,44700,1,2180,1820
cases,sim_cases[12],,2021-06-05,Combined,22631,TRUE,FALSE,,22900,22700,3420,2880,17800,20300,25200,28400,1,2050,1820
cases,sim_cases[13],,2021-06-12,Combined,15553,TRUE,FALSE,,14200,14100,2050,1700,11100,12700,15600,17500,1,1830,1710
cases,sim_cases[14],,2021-06-19,Combined,7659,TRUE,FALSE,,8280,8220,1170,971,6580,7400,9010,10200,1,1950,1720
cases,sim_cases[15],,2021-06-26,Combined,5033,TRUE,TRUE,,5130,5040,833,678,3990,4510,5670,6590,1,1960,1440
cases,sim_cases[16],,2021-07-03,Combined,,FALSE,FALSE,,3470,3320,990,830,2160,2710,4130,5280,1,1800,1540
cases,sim_cases[17],,2021-07-10,Combined,,FALSE,FALSE,,2620,2360,1310,1000,1130,1630,3380,5150,1,1850,1300
cases,sim_cases[18],,2021-07-17,Combined,,FALSE,FALSE,,2300,1790,1890,1100,529,1050,3090,5790,1,1970,1460
cases,sim_cases[19],,2021-07-24,Combined,,FALSE,FALSE,,2330,1450,2930,1190,259,673,3150,7380,1,1970,1490
cases,sim_voc_cases[1],,2021-04-17,VOC,,TRUE,FALSE,,221,219,40.4,37.1,160,189,253,291,1,2000,1760
cases,sim_voc_cases[2],,2021-04-24,VOC,,TRUE,FALSE,,417,411,82.6,72.6,301,353,475,559,0.999,1600,1480
cases,sim_voc_cases[3],,2021-05-01,VOC,,TRUE,FALSE,,692,684,125,114,501,594,785,902,1,1780,1660
cases,sim_voc_cases[4],,2021-05-08,VOC,,TRUE,FALSE,,1030,1010,203,177,735,871,1170,1380,1,2050,1880
cases,sim_voc_cases[5],,2021-05-15,VOC,,TRUE,FALSE,,1380,1360,266,245,991,1160,1580,1840,0.999,2340,2000
cases,sim_voc_cases[6],,2021-05-22,VOC,,TRUE,FALSE,,1710,1670,355,320,1200,1430,1970,2330,1,2230,1700
cases,sim_voc_cases[7],,2021-05-29,VOC,,TRUE,FALSE,,1960,1910,437,372,1360,1630,2260,2690,1,2100,1820
cases,sim_voc_cases[8],,2021-06-05,VOC,,TRUE,FALSE,,2150,2110,478,434,1480,1770,2510,3010,1,1770,1320
cases,sim_voc_cases[9],,2021-06-12,VOC,,TRUE,TRUE,,2230,2180,508,442,1490,1840,2600,3120,1,1680,1190
cases,sim_voc_cases[10],,2021-06-19,VOC,,FALSE,FALSE,,2100,2050,504,450,1380,1700,2450,2970,1,1790,1570
cases,sim_voc_cases[11],,2021-06-26,VOC,,FALSE,FALSE,,1950,1880,505,429,1260,1560,2290,2800,1,1650,1270
cases,sim_voc_cases[12],,2021-07-03,VOC,,FALSE,FALSE,,1810,1720,618,524,980,1320,2240,2970,1,1750,1660
cases,sim_voc_cases[13],,2021-07-10,VOC,,FALSE,FALSE,,1730,1550,907,696,687,1030,2290,3400,1,1790,1500
cases,sim_voc_cases[14],,2021-07-17,VOC,,FALSE,FALSE,,1780,1380,1500,872,395,789,2400,4580,1,2010,1350
cases,sim_voc_cases[15],,2021-07-24,VOC,,FALSE,FALSE,,2010,1240,2520,1020,220,572,2740,6400,1,2000,1480
cases,sim_nvoc_cases[1],,2021-03-20,non-VOC,,TRUE,FALSE,,89700,89100,13800,12200,68400,79200,1e+05,112000,1,1630,1660
cases,sim_nvoc_cases[2],,2021-03-27,non-VOC,,TRUE,FALSE,,103000,102000,14900,13200,78900,91100,113000,127000,1,2030,1750
cases,sim_nvoc_cases[3],,2021-04-03,non-VOC,,TRUE,FALSE,,114000,113000,17800,14700,87900,101000,126000,144000,1,1810,1630
cases,sim_nvoc_cases[4],,2021-04-10,non-VOC,,TRUE,FALSE,,122000,121000,19200,16200,92500,107000,135000,154000,1,1820,1580
cases,sim_nvoc_cases[5],,2021-04-17,non-VOC,,TRUE,FALSE,,133000,133000,20800,18100,101000,117000,148000,168000,1,1830,1610
cases,sim_nvoc_cases[6],,2021-04-24,non-VOC,,TRUE,FALSE,,137000,137000,21200,18800,105000,121000,153000,171000,1,1860,1520
cases,sim_nvoc_cases[7],,2021-05-01,non-VOC,,TRUE,FALSE,,128000,127000,20000,17400,96500,113000,142000,160000,1,1980,1660
cases,sim_nvoc_cases[8],,2021-05-08,non-VOC,,TRUE,FALSE,,106000,105000,16600,13700,81300,93100,117000,132000,1,2230,1970
cases,sim_nvoc_cases[9],,2021-05-15,non-VOC,,TRUE,FALSE,,78300,77500,12400,10700,60000,69100,87200,99000,0.999,2100,1860
cases,sim_nvoc_cases[10],,2021-05-22,non-VOC,,TRUE,FALSE,,53600,53200,8020,7210,41000,47400,59800,67400,1,2090,1820
cases,sim_nvoc_cases[11],,2021-05-29,non-VOC,,TRUE,FALSE,,33800,33500,5370,4500,25700,29800,37600,42500,1,2170,1870
cases,sim_nvoc_cases[12],,2021-06-05,non-VOC,,TRUE,FALSE,,20700,20500,3320,2780,15800,18200,23000,26200,1,2080,1790
cases,sim_nvoc_cases[13],,2021-06-12,non-VOC,,TRUE,TRUE,,12000,11800,1950,1650,9100,10500,13300,15100,1,1890,1750
cases,sim_nvoc_cases[14],,2021-06-19,non-VOC,,FALSE,FALSE,,6180,6090,1060,941,4660,5350,6930,7930,1,1910,1670
cases,sim_nvoc_cases[15],,2021-06-26,non-VOC,,FALSE,FALSE,,3180,3120,660,549,2260,2670,3630,4330,1,2010,1530
cases,sim_nvoc_cases[16],,2021-07-03,non-VOC,,FALSE,FALSE,,1660,1590,537,440,938,1240,2000,2640,1,1920,1290
cases,sim_nvoc_cases[17],,2021-07-10,non-VOC,,FALSE,FALSE,,895,790,499,355,352,531,1170,1790,1,1810,1590
cases,sim_nvoc_cases[18],,2021-07-17,non-VOC,,FALSE,FALSE,,514,388,453,259,117,218,702,1310,1,1810,1700
cases,sim_nvoc_cases[19],,2021-07-24,non-VOC,,FALSE,FALSE,,328,194,456,170,33,85,438,1010,1,1750,1730
voc_frac,frac_voc[1],,2021-04-17,VOC,0.00146591741998534,TRUE,FALSE,,0.00168,0.00166,0.000226,0.000203,0.00136,0.0015,0.00185,0.00207,1,1410,1140
voc_frac,frac_voc[2],,2021-04-24,VOC,0.0070859167404783,TRUE,FALSE,,0.00302,0.00298,0.000352,0.000324,0.0025,0.00273,0.00327,0.00362,1,1560,1190
voc_frac,frac_voc[3],,2021-05-01,VOC,0.0150850246845858,TRUE,FALSE,,0.00542,0.00538,0.000572,0.00053,0.00457,0.00495,0.00585,0.00637,1,1720,1340
voc_frac,frac_voc[4],,2021-05-08,VOC,0.0194432169686257,TRUE,FALSE,,0.00971,0.00965,0.001,0.000944,0.00821,0.00891,0.0105,0.0114,1,1860,1640
voc_frac,frac_voc[5],,2021-05-15,VOC,0.0264595916019557,TRUE,FALSE,,0.0174,0.0173,0.0019,0.00175,0.0146,0.0159,0.0188,0.0205,1,1970,1540
voc_frac,frac_voc[6],,2021-05-22,VOC,0.0329001935305502,TRUE,FALSE,,0.0309,0.0307,0.00379,0.00334,0.0253,0.028,0.0337,0.0374,1,1990,1400
voc_frac,frac_voc[7],,2021-05-29,VOC,0.0380840204161759,TRUE,FALSE,,0.0545,0.0542,0.00757,0.00667,0.0435,0.0484,0.0599,0.0675,1,2020,1340
voc_frac,frac_voc[8],,2021-06-05,VOC,0.0856009070294785,TRUE,FALSE,,0.0943,0.0936,0.0146,0.0127,0.073,0.0828,0.105,0.119,0.999,1900,1380
voc_frac,frac_voc[9],,2021-06-12,VOC,0.166666666666667,TRUE,TRUE,,0.158,0.157,0.026,0.0227,0.12,0.138,0.177,0.203,1,1800,1290
voc_frac,frac_voc[10],,2021-06-19,VOC,,FALSE,FALSE,,0.253,0.25,0.0417,0.0363,0.191,0.219,0.283,0.325,1,1710,1240
voc_frac,frac_voc[11],,2021-06-26,VOC,,FALSE,FALSE,,0.378,0.376,0.0578,0.0514,0.29,0.33,0.421,0.475,1,1640,1180
voc_frac,frac_voc[12],,2021-07-03,VOC,,FALSE,FALSE,,0.52,0.52,0.0678,0.0608,0.412,0.465,0.573,0.631,1,1570,1190
voc_frac,frac_voc[13],,2021-07-10,VOC,,FALSE,FALSE,,0.658,0.662,0.0675,0.0608,0.548,0.605,0.712,0.763,1,1530,1210
voc_frac,frac_voc[14],,2021-07-17,VOC,,FALSE,FALSE,,0.774,0.778,0.0581,0.0516,0.676,0.729,0.82,0.86,1,1500,1220
voc_frac,frac_voc[15],,2021-07-24,VOC,,FALSE,FALSE,,0.858,0.863,0.0448,0.0384,0.781,0.825,0.893,0.921,1,1480,1240
voc_advantage,voc_advantage[1],,2021-04-17,VOC,,TRUE,FALSE,,1.58849291460413,1.58849291460413,0.0308,0.0297,1.52969968002404,1.55759483199614,1.61873156363862,1.65214001867026,1,1270,1250
voc_advantage,voc_advantage[2],,2021-04-24,VOC,,TRUE,FALSE,,1.58849291460413,1.58849291460413,0.0308,0.0297,1.52969968002404,1.55759483199614,1.61873156363862,1.65214001867026,1,1270,1250
voc_advantage,voc_advantage[3],,2021-05-01,VOC,,TRUE,FALSE,,1.58849291460413,1.58849291460413,0.0308,0.0297,1.52969968002404,1.55759483199614,1.61873156363862,1.65214001867026,1,1270,1250
voc_advantage,voc_advantage[4],,2021-05-08,VOC,,TRUE,FALSE,,1.58849291460413,1.58849291460413,0.0308,0.0297,1.52969968002404,1.55759483199614,1.61873156363862,1.65214001867026,1,1270,1250
voc_advantage,voc_advantage[5],,2021-05-15,VOC,,TRUE,FALSE,,1.58849291460413,1.58849291460413,0.0308,0.0297,1.52969968002404,1.55759483199614,1.61873156363862,1.65214001867026,1,1270,1250
voc_advantage,voc_advantage[6],,2021-05-22,VOC,,TRUE,FALSE,,1.58849291460413,1.58849291460413,0.0308,0.0297,1.52969968002404,1.55759483199614,1.61873156363862,1.65214001867026,1,1270,1250
voc_advantage,voc_advantage[7],,2021-05-29,VOC,,TRUE,FALSE,,1.58849291460413,1.58849291460413,0.0308,0.0297,1.52969968002404,1.55759483199614,1.61873156363862,1.65214001867026,1,1270,1250
voc_advantage,voc_advantage[8],,2021-06-05,VOC,,TRUE,TRUE,,1.58849291460413,1.58849291460413,0.0308,0.0297,1.52969968002404,1.55759483199614,1.61873156363862,1.65214001867026,1,1270,1250
voc_advantage,voc_advantage[9],,2021-06-12,VOC,,FALSE,FALSE,,1.58849291460413,1.58849291460413,0.0308,0.0297,1.52969968002404,1.55759483199614,1.61873156363862,1.65214001867026,1,1270,1250
voc_advantage,voc_advantage[10],,2021-06-19,VOC,,FALSE,FALSE,,1.58849291460413,1.58849291460413,0.0308,0.0297,1.52969968002404,1.55759483199614,1.61873156363862,1.65214001867026,1,1270,1250
voc_advantage,voc_advantage[11],,2021-06-26,VOC,,FALSE,FALSE,,1.58849291460413,1.58849291460413,0.0308,0.0297,1.52969968002404,1.55759483199614,1.61873156363862,1.65214001867026,1,1270,1250
voc_advantage,voc_advantage[12],,2021-07-03,VOC,,FALSE,FALSE,,1.58849291460413,1.58849291460413,0.0308,0.0297,1.52969968002404,1.55759483199614,1.61873156363862,1.65214001867026,1,1270,1250
voc_advantage,voc_advantage[13],,2021-07-10,VOC,,FALSE,FALSE,,1.58849291460413,1.58849291460413,0.0308,0.0297,1.52969968002404,1.55759483199614,1.61873156363862,1.65214001867026,1,1270,1250
voc_advantage,voc_advantage[14],,2021-07-17,VOC,,FALSE,FALSE,,1.58849291460413,1.58849291460413,0.0308,0.0297,1.52969968002404,1.55759483199614,1.61873156363862,1.65214001867026,1,1270,1250
growth,com_r[1],,2021-03-20,Combined,,TRUE,FALSE,,0.1045,0.106071428571429,0.0762,0.0721,0.00696142857142857,0.0579071428571429,0.151642857142857,0.200357142857143,1,950,923
growth,com_r[2],,2021-03-27,Combined,,TRUE,FALSE,,0.0793571428571429,0.0801428571428571,0.0637,0.0569,-0.00136714285714286,0.0425071428571429,0.117071428571429,0.156357142857143,1,1530,1550
growth,com_r[3],,2021-04-03,Combined,,TRUE,FALSE,,0.0525642857142857,0.0570428571428571,0.0713,0.06,-0.0457285714285714,0.0130428571428571,0.0942857142857143,0.135142857142857,1,1190,1520
growth,com_r[4],,2021-04-10,Combined,,TRUE,FALSE,,0.0701642857142857,0.0673357142857143,0.0763,0.0627,-0.0274214285714286,0.0275785714285714,0.113142857142857,0.172857142857143,1,1050,1330
growth,com_r[5],,2021-04-17,Combined,,TRUE,FALSE,,0.0286785714285714,0.0264785714285714,0.0731,0.0633,-0.0573571428571429,-0.0142214285714286,0.0712642857142857,0.120214285714286,1,1540,1530
growth,com_r[6],,2021-04-24,Combined,,TRUE,FALSE,,-0.0561785714285714,-0.0567285714285714,0.067,0.0583,-0.141428571428571,-0.0942857142857143,-0.0182285714285714,0.02915,1,1920,1760
growth,com_r[7],,2021-05-01,Combined,,TRUE,FALSE,,-0.146142857142857,-0.145357142857143,0.0687,0.0598,-0.2365,-0.186214285714286,-0.106857142857143,-0.0570428571428571,1,1920,1290
growth,com_r[8],,2021-05-08,Combined,,TRUE,FALSE,,-0.226285714285714,-0.224714285714286,0.0696,0.0595,-0.316642857142857,-0.264785714285714,-0.185428571428571,-0.136714285714286,1,1640,1330
growth,com_r[9],,2021-05-15,Combined,,TRUE,FALSE,,-0.281285714285714,-0.281285714285714,0.0717,0.0586,-0.371642857142857,-0.322142857142857,-0.241214285714286,-0.187785714285714,1,1930,1400
growth,com_r[10],,2021-05-22,Combined,,TRUE,FALSE,,-0.3355,-0.333928571428571,0.069,0.0583,-0.427428571428571,-0.374785714285714,-0.295428571428571,-0.253785714285714,1,1910,1760
growth,com_r[11],,2021-05-29,Combined,,TRUE,FALSE,,-0.342571428571429,-0.345714285714286,0.0698,0.0592,-0.428214285714286,-0.382642857142857,-0.305642857142857,-0.2475,1,1760,1560
growth,com_r[12],,2021-06-05,Combined,,TRUE,FALSE,,-0.359071428571429,-0.363,0.0703,0.0615,-0.443928571428571,-0.400714285714286,-0.318214285714286,-0.265571428571429,0.999,1460,1660
growth,com_r[13],,2021-06-12,Combined,,TRUE,FALSE,,-0.397571428571429,-0.394428571428571,0.0803,0.0715,-0.507571428571429,-0.4455,-0.348071428571429,-0.303285714285714,1,1690,1660
growth,com_r[14],,2021-06-19,Combined,,TRUE,TRUE,,-0.348857142857143,-0.348857142857143,0.103,0.0966,-0.476928571428571,-0.4125,-0.286785714285714,-0.219214285714286,1,2140,1790
growth,com_r[15],,2021-06-26,Combined,,FALSE,FALSE,,-0.297,-0.295428571428571,0.171,0.16,-0.517785714285714,-0.4015,-0.190142857142857,-0.0754285714285714,1,1780,1360
growth,com_r[16],,2021-07-03,Combined,,FALSE,FALSE,,-0.241214285714286,-0.242,0.235,0.22,-0.540571428571429,-0.380285714285714,-0.0919285714285714,0.0463571428571429,1,1840,1340
growth,com_r[17],,2021-07-10,Combined,,FALSE,FALSE,,-0.190142857142857,-0.189357142857143,0.284,0.266,-0.553142857142857,-0.363785714285714,-0.00439214285714286,0.169714285714286,1,1930,1400
growth,com_r[18],,2021-07-17,Combined,,FALSE,FALSE,,-0.156357142857143,-0.150857142857143,0.338,0.307,-0.591642857142857,-0.359071428571429,0.0469857142857143,0.266357142857143,1,1830,1470
growth,voc_r[1],,2021-04-17,VOC,,TRUE,FALSE,,0.490285714285714,0.487928571428571,0.075,0.0665,0.400714285714286,0.447857142857143,0.534285714285714,0.5885,1,1700,1700
growth,voc_r[2],,2021-04-24,VOC,,TRUE,FALSE,,0.403857142857143,0.403857142857143,0.0687,0.0609,0.315071428571429,0.363785714285714,0.446285714285714,0.488714285714286,1,1880,1820
growth,voc_r[3],,2021-05-01,VOC,,TRUE,FALSE,,0.311928571428571,0.311928571428571,0.0725,0.0663,0.215285714285714,0.267928571428571,0.3575,0.4015,1,1850,1670
growth,voc_r[4],,2021-05-08,VOC,,TRUE,FALSE,,0.228642857142857,0.230214285714286,0.0735,0.0678,0.130428571428571,0.183071428571429,0.274214285714286,0.319,1,1860,1460
growth,voc_r[5],,2021-05-15,VOC,,TRUE,FALSE,,0.167357142857143,0.168142857142857,0.0784,0.0668,0.0679642857142857,0.120214285714286,0.210571428571429,0.2695,1,1660,1480
growth,voc_r[6],,2021-05-22,VOC,,TRUE,FALSE,,0.102142857142857,0.103714285714286,0.0733,0.0658,0.00536642857142857,0.0585357142857143,0.146928571428571,0.189357142857143,1,1970,1860
growth,voc_r[7],,2021-05-29,VOC,,TRUE,FALSE,,0.0761357142857143,0.0740928571428571,0.0739,0.064,-0.01265,0.0318214285714286,0.118642857142857,0.176,1,1560,1530
growth,voc_r[8],,2021-06-05,VOC,,TRUE,TRUE,,0.0296214285714286,0.0275785714285714,0.0724,0.0638,-0.0583,-0.0127285714285714,0.0702428571428571,0.125714285714286,1,1420,1660
growth,voc_r[9],,2021-06-12,VOC,,FALSE,FALSE,,-0.0527214285714286,-0.0495785714285714,0.0802,0.0729,-0.162642857142857,-0.099,-0.00337071428571429,0.0444714285714286,1,1740,1660
growth,voc_r[10],,2021-06-19,VOC,,FALSE,FALSE,,-0.0622285714285714,-0.0631714285714286,0.102,0.0955,-0.189357142857143,-0.124928571428571,-0.0001815,0.0685928571428572,1,2140,1700
growth,voc_r[11],,2021-06-26,VOC,,FALSE,FALSE,,-0.0761357142857143,-0.0763714285714286,0.17,0.16,-0.293857142857143,-0.180714285714286,0.0316642857142857,0.145357142857143,1,1790,1460
growth,voc_r[12],,2021-07-03,VOC,,FALSE,FALSE,,-0.0848571428571429,-0.0848571428571429,0.234,0.219,-0.388142857142857,-0.223142857142857,0.0650571428571429,0.206642857142857,1,1840,1290
growth,voc_r[13],,2021-07-10,VOC,,FALSE,FALSE,,-0.0872142857142857,-0.0864285714285714,0.284,0.268,-0.454928571428571,-0.260857142857143,0.0950714285714286,0.271857142857143,1,1900,1320
growth,voc_r[14],,2021-07-17,VOC,,FALSE,FALSE,,-0.0919285714285714,-0.0848571428571429,0.338,0.311,-0.528785714285714,-0.295428571428571,0.117071428571429,0.337071428571429,1,1800,1540
growth,r[1],,2021-03-20,non-VOC,,TRUE,FALSE,,0.1045,0.106071428571429,0.0762,0.0721,0.00696142857142857,0.0579071428571429,0.151642857142857,0.200357142857143,1,950,923
growth,r[2],,2021-03-27,non-VOC,,TRUE,FALSE,,0.0793571428571429,0.0801428571428571,0.0637,0.0569,-0.00136714285714286,0.0425071428571429,0.117071428571429,0.156357142857143,1,1530,1550
growth,r[3],,2021-04-03,non-VOC,,TRUE,FALSE,,0.0525642857142857,0.0570428571428571,0.0713,0.06,-0.0457285714285714,0.0130428571428571,0.0942857142857143,0.135142857142857,1,1190,1520
growth,r[4],,2021-04-10,non-VOC,,TRUE,FALSE,,0.0701642857142857,0.0673357142857143,0.0763,0.0627,-0.0274214285714286,0.0275785714285714,0.113142857142857,0.172857142857143,1,1050,1330
growth,r[5],,2021-04-17,non-VOC,,TRUE,FALSE,,0.0272642857142857,0.0249857142857143,0.0731,0.0633,-0.0586142857142857,-0.0156357142857143,0.06985,0.118642857142857,1,1540,1590
growth,r[6],,2021-04-24,non-VOC,,TRUE,FALSE,,-0.0586928571428572,-0.0590857142857143,0.067,0.0582,-0.143785714285714,-0.0966428571428571,-0.0207428571428571,0.0264785714285714,1,1920,1760
growth,r[7],,2021-05-01,non-VOC,,TRUE,FALSE,,-0.150857142857143,-0.150071428571429,0.0687,0.0597,-0.241214285714286,-0.190928571428571,-0.110785714285714,-0.0616,1,1910,1290
growth,r[8],,2021-05-08,non-VOC,,TRUE,FALSE,,-0.234142857142857,-0.233357142857143,0.0697,0.0593,-0.3245,-0.272642857142857,-0.193285714285714,-0.143785714285714,1,1640,1350
growth,r[9],,2021-05-15,non-VOC,,TRUE,FALSE,,-0.295428571428571,-0.295428571428571,0.0717,0.0589,-0.385785714285714,-0.337071428571429,-0.254571428571429,-0.202714285714286,1,1940,1390
growth,r[10],,2021-05-22,non-VOC,,TRUE,FALSE,,-0.360642857142857,-0.359071428571429,0.0691,0.0583,-0.451,-0.399928571428571,-0.321357142857143,-0.277357142857143,1,1880,1620
growth,r[11],,2021-05-29,non-VOC,,TRUE,FALSE,,-0.386571428571429,-0.389714285714286,0.0703,0.0603,-0.470642857142857,-0.426642857142857,-0.347285714285714,-0.290714285714286,1,1830,1540
growth,r[12],,2021-06-05,non-VOC,,TRUE,TRUE,,-0.432928571428571,-0.436071428571429,0.0723,0.0643,-0.520928571428572,-0.476928571428571,-0.3905,-0.337857142857143,1,1540,1670
growth,r[13],,2021-06-12,non-VOC,,FALSE,FALSE,,-0.515428571428572,-0.513071428571429,0.0831,0.0758,-0.627785714285714,-0.565714285714286,-0.463571428571429,-0.415642857142857,1,1530,1530
growth,r[14],,2021-06-19,non-VOC,,FALSE,FALSE,,-0.524857142857143,-0.526428571428571,0.107,0.101,-0.659214285714286,-0.590071428571429,-0.460428571428571,-0.381857142857143,1,2110,1640
growth,r[15],,2021-06-26,non-VOC,,FALSE,FALSE,,-0.539,-0.539,0.173,0.165,-0.762142857142857,-0.645857142857143,-0.430571428571429,-0.318214285714286,1,1780,1400
growth,r[16],,2021-07-03,non-VOC,,FALSE,FALSE,,-0.547642857142857,-0.546071428571429,0.237,0.223,-0.856428571428572,-0.689071428571429,-0.394428571428571,-0.253785714285714,1,1790,1430
growth,r[17],,2021-07-10,non-VOC,,FALSE,FALSE,,-0.549214285714286,-0.551571428571429,0.286,0.273,-0.919285714285714,-0.725214285714286,-0.366928571428571,-0.188571428571429,1,1850,1390
growth,r[18],,2021-07-17,non-VOC,,FALSE,FALSE,,-0.554714285714286,-0.55,0.34,0.315,-1.00571428571429,-0.759785714285714,-0.344142857142857,-0.130428571428571,1,1740,1620
rt,com_r[1],,2021-03-20,Combined,,TRUE,FALSE,,1.11015539386622,1.1119012951912,0.0762,0.0721,1.00698571564016,1.05961659817207,1.16374453915518,1.2218390513358,1,950,923
rt,com_r[2],,2021-03-27,Combined,,TRUE,FALSE,,1.08259089264026,1.08344183402482,0.0637,0.0569,0.998633791256916,1.04342350937213,1.12419972680323,1.16924371557091,1,1530,1550
rt,com_r[3],,2021-04-03,Combined,,TRUE,FALSE,,1.05397031513528,1.05870118233105,0.0713,0.06,0.955301223049977,1.01312828621309,1.09887366497374,1.14470030128572,1,1190,1520
rt,com_r[4],,2021-04-10,Combined,,TRUE,FALSE,,1.07268439350103,1.069654516206,0.0763,0.0627,0.972951125710168,1.02796238040703,1.11979189179294,1.18869627919973,1,1050,1330
rt,com_r[5],,2021-04-17,Combined,,TRUE,FALSE,,1.02909376117082,1.02683224347785,0.0731,0.0633,0.944256774576547,0.985879218265046,1.07386499554596,1.12773848393583,1,1540,1530
rt,com_r[6],,2021-04-24,Combined,,TRUE,FALSE,,0.945370304690793,0.944850493984261,0.067,0.0583,0.868117181740484,0.910022718602415,0.981936564062544,1.02957901974591,1,1920,1760
rt,com_r[7],,2021-05-01,Combined,,TRUE,FALSE,,0.864034260901704,0.864713411738159,0.0687,0.0598,0.789385882301969,0.830095698272622,0.898654042969799,0.944553587631022,1,1920,1290
rt,com_r[8],,2021-05-08,Combined,,TRUE,FALSE,,0.797490214764877,0.798744398846054,0.0696,0.0595,0.728590919707728,0.767370368866531,0.830748172616904,0.872219396076444,1,1640,1330
rt,com_r[9],,2021-05-15,Combined,,TRUE,FALSE,,0.754812643913191,0.754812643913191,0.0717,0.0586,0.689600484437134,0.724594669411526,0.785673249795113,0.828792286552764,1,1930,1400
rt,com_r[10],,2021-05-22,Combined,,TRUE,FALSE,,0.714980506711743,0.71610493075265,0.069,0.0583,0.652183984902794,0.687436570845727,0.744212570865436,0.775858039528866,1,1910,1760
rt,com_r[11],,2021-05-29,Combined,,TRUE,FALSE,,0.709942407402473,0.707714662412201,0.0698,0.0592,0.651671755888121,0.682056447381021,0.736649661646358,0.780750220810926,1,1760,1560
rt,com_r[12],,2021-06-05,Combined,,TRUE,FALSE,,0.698324469250859,0.695586433499095,0.0703,0.0615,0.641511241422381,0.669841416962061,0.727446890235337,0.766767671810129,0.999,1460,1660
rt,com_r[13],,2021-06-12,Combined,,TRUE,FALSE,,0.671949944508782,0.674065109280827,0.0803,0.0715,0.601955697501575,0.640503943983988,0.706048442381599,0.738388098201265,1,1690,1660
rt,com_r[14],,2021-06-19,Combined,,TRUE,TRUE,,0.705493907915368,0.705493907915368,0.103,0.0966,0.620686862485982,0.661993196690834,0.750672570011329,0.803149596227744,1,2140,1790
rt,com_r[15],,2021-06-26,Combined,,FALSE,FALSE,,0.74304401236194,0.744212570865436,0.171,0.16,0.595838444888096,0.669315319699724,0.826841005362184,0.927345967166031,1,1780,1360
rt,com_r[16],,2021-07-03,Combined,,FALSE,FALSE,,0.785673249795113,0.78505617755183,0.235,0.22,0.582415348497085,0.683666048148348,0.912170302239769,1.04744843288936,1,1840,1340
rt,com_r[17],,2021-07-10,Combined,,FALSE,FALSE,,0.826841005362184,0.827490921442851,0.284,0.266,0.575139385990688,0.695040115954201,0.995617488496376,1.1849662411666,1,1930,1400
rt,com_r[18],,2021-07-17,Combined,,FALSE,FALSE,,0.855253688074543,0.859970542819102,0.338,0.307,0.553417351844832,0.698324469250859,1.04810703601505,1.30520111871365,1,1830,1470
rt,voc_r[1],,2021-04-17,VOC,,TRUE,FALSE,,1.63278266264972,1.62893849306752,0.075,0.0665,1.49289066736917,1.56495511466745,1.70622907183673,1.80128446124736,1,1700,1700
rt,voc_r[2],,2021-04-24,VOC,,TRUE,FALSE,,1.4975899902487,1.4975899902487,0.0687,0.0609,1.37035719011771,1.43876587414976,1.56249783071603,1.63021887625388,1,1880,1820
rt,voc_r[3],,2021-05-01,VOC,,TRUE,FALSE,,1.36605711403641,1.36605711403641,0.0725,0.0663,1.24021619383377,1.30725376141135,1.42975056644806,1.49406411382998,1,1850,1670
rt,voc_r[4],,2021-05-08,VOC,,TRUE,FALSE,,1.25689306845971,1.2588697388301,0.0735,0.0678,1.13931655723298,1.20090018360193,1.31549666418048,1.37575132490604,1,1860,1460
rt,voc_r[5],,2021-05-15,VOC,,TRUE,FALSE,,1.18217639577907,1.18310561366355,0.0784,0.0668,1.07032708182895,1.12773848393583,1.23438322030334,1.30930963222615,1,1660,1480
rt,voc_r[6],,2021-05-22,VOC,,TRUE,FALSE,,1.10754168066712,1.10928347149968,0.0733,0.0658,1.00538085364139,1.06028285226313,1.15827122641598,1.20847247273282,1,1970,1860
rt,voc_r[7],,2021-05-29,VOC,,TRUE,FALSE,,1.07910901472916,1.07690679934209,0.0739,0.064,0.987429674933502,1.03233314364052,1.1259677151438,1.19243805865067,1,1560,1530
rt,voc_r[8],,2021-06-05,VOC,,TRUE,TRUE,,1.03006450713968,1.02796238040703,0.0724,0.0638,0.943366894912569,0.987352094221182,1.07276867915741,1.13395813395634,1,1420,1660
rt,voc_r[9],,2021-06-12,VOC,,FALSE,FALSE,,0.948644240858733,0.951630384240193,0.0802,0.0729,0.849894668028587,0.905742708023548,0.99663496019421,1.04547510556643,1,1740,1660
rt,voc_r[10],,2021-06-19,VOC,,FALSE,FALSE,,0.939668080967138,0.938782525746719,0.102,0.0955,0.827490921442851,0.882559940328958,0.999818516470128,1.07100007034033,1,2140,1700
rt,voc_r[11],,2021-06-26,VOC,,FALSE,FALSE,,0.926690432894755,0.926472024463292,0.17,0.16,0.745382967118719,0.834673802860104,1.0321709326063,1.15645251527891,1,1790,1460
rt,voc_r[12],,2021-07-03,VOC,,FALSE,FALSE,,0.918643509815107,0.918643509815107,0.234,0.219,0.678315434137312,0.800000555337275,1.06722000664221,1.22954337072426,1,1840,1290
rt,voc_r[13],,2021-07-10,VOC,,FALSE,FALSE,,0.9164806858716,0.917201060806449,0.284,0.268,0.634493287278753,0.770390967606836,1.0997374049925,1.31239950227546,1,1900,1320
rt,voc_r[14],,2021-07-17,VOC,,FALSE,FALSE,,0.912170302239769,0.918643509815107,0.338,0.311,0.589320138406102,0.744212570865436,1.12419972680323,1.4008391201022,1,1800,1540
rt,r[1],,2021-03-20,non-VOC,,TRUE,FALSE,,1.11015539386622,1.1119012951912,0.0762,0.0721,1.00698571564016,1.05961659817207,1.16374453915518,1.2218390513358,1,950,923
rt,r[2],,2021-03-27,non-VOC,,TRUE,FALSE,,1.08259089264026,1.08344183402482,0.0637,0.0569,0.998633791256916,1.04342350937213,1.12419972680323,1.16924371557091,1,1530,1550
rt,r[3],,2021-04-03,non-VOC,,TRUE,FALSE,,1.05397031513528,1.05870118233105,0.0713,0.06,0.955301223049977,1.01312828621309,1.09887366497374,1.14470030128572,1,1190,1520
rt,r[4],,2021-04-10,non-VOC,,TRUE,FALSE,,1.07268439350103,1.069654516206,0.0763,0.0627,0.972951125710168,1.02796238040703,1.11979189179294,1.18869627919973,1,1050,1330
rt,r[5],,2021-04-17,non-VOC,,TRUE,FALSE,,1.02763935727949,1.02530047327019,0.0731,0.0633,0.943070454760061,0.984485888885806,1.07234731709214,1.1259677151438,1,1540,1590
rt,r[6],,2021-04-24,non-VOC,,TRUE,FALSE,,0.942996359278118,0.942625969182649,0.067,0.0582,0.866073315315285,0.907880191165059,0.97947079610873,1.02683224347785,1,1920,1760
rt,r[7],,2021-05-01,non-VOC,,TRUE,FALSE,,0.859970542819102,0.860646499479516,0.0687,0.0597,0.785673249795113,0.826191599729307,0.895130542066618,0.940258915146463,1,1910,1290
rt,r[8],,2021-05-08,non-VOC,,TRUE,FALSE,,0.791248772282335,0.791870712047754,0.0697,0.0593,0.722888707649867,0.761364655026519,0.824246441509903,0.866073315315285,1,1640,1350
rt,r[9],,2021-05-15,non-VOC,,TRUE,FALSE,,0.744212570865436,0.744212570865436,0.0717,0.0589,0.679916206401058,0.713857848235308,0.775248676207604,0.816511497100956,1,1940,1390
rt,r[10],,2021-05-22,non-VOC,,TRUE,FALSE,,0.697227963993237,0.698324469250859,0.0691,0.0583,0.636990842177983,0.670367927748968,0.725164217516376,0.757783811701098,1,1880,1620
rt,r[11],,2021-05-29,non-VOC,,TRUE,FALSE,,0.679382196341739,0.677250346957056,0.0703,0.0603,0.62460061022844,0.652696616541275,0.706603412724697,0.747729284439846,1,1830,1540
rt,r[12],,2021-06-05,non-VOC,,TRUE,TRUE,,0.648606819208921,0.646571540604511,0.0723,0.0643,0.593968749407489,0.620686862485982,0.676718430678921,0.71329718021726,1,1540,1670
rt,r[13],,2021-06-12,non-VOC,,FALSE,FALSE,,0.597244577799495,0.598654029076437,0.0831,0.0758,0.533772418052755,0.56795432017946,0.629033082313712,0.659915912657445,1,1530,1530
rt,r[14],,2021-06-19,non-VOC,,FALSE,FALSE,,0.591639878312577,0.590710888615446,0.107,0.101,0.517257591548887,0.554287691342521,0.631013153339885,0.682592559463272,1,2110,1640
rt,r[15],,2021-06-26,non-VOC,,FALSE,FALSE,,0.583331292097639,0.583331292097639,0.173,0.165,0.466665357623721,0.52421302403434,0.650137481425957,0.727446890235337,1,1780,1400
rt,r[16],,2021-07-03,non-VOC,,FALSE,FALSE,,0.578311367566939,0.579220856984787,0.237,0.223,0.424676077422307,0.502042034580696,0.674065109280827,0.775858039528866,1,1790,1430
rt,r[17],,2021-07-10,non-VOC,,FALSE,FALSE,,0.577403306224394,0.576043886947581,0.286,0.273,0.398803799229662,0.48422079623806,0.692859133215023,0.828141348372531,1,1850,1390
rt,r[18],,2021-07-17,non-VOC,,FALSE,FALSE,,0.574236305276245,0.576949810380487,0.34,0.315,0.365783267707088,0.467766651982275,0.708827659721985,0.877719184937208,1,1740,1620
raw,lp__,,,,,,,,-3360,-3360,4.65,4.55,-3370,-3360,-3360,-3350,1.01,529,816
raw,r_init,,,,,,,,0.133,0.135,0.0762,0.0721,0.00886,0.0737,0.193,0.255,1,950,923
raw,r_scale,,,,,,,,0.118,0.111,0.0558,0.0542,0.044,0.0686,0.161,0.218,1,771,1310
raw,beta,,,,,,,,0.23,0.26,0.408,0.453,-0.466,-0.151,0.621,0.846,1,779,923
raw,eta[1],,,,,,,,-0.285,-0.308,0.817,0.792,-1.59,-0.971,0.38,1.05,1,1130,1060
raw,eta[2],,,,,,,,-0.23,-0.236,0.788,0.791,-1.5,-0.87,0.44,1.05,1,1180,1420
raw,eta[3],,,,,,,,0.107,0.163,0.856,0.876,-1.38,-0.628,0.839,1.43,1,948,1390
raw,eta[4],,,,,,,,-0.471,-0.462,0.836,0.817,-1.86,-1.19,0.213,0.968,1,1360,1180
raw,eta[5],,,,,,,,-0.907,-0.919,0.795,0.776,-2.26,-1.55,-0.253,0.414,1,1510,1500
raw,eta[6],,,,,,,,-0.853,-0.847,0.836,0.854,-2.26,-1.54,-0.137,0.474,1,1730,1280
raw,eta[7],,,,,,,,-0.677,-0.659,0.85,0.83,-2.06,-1.4,0.0104,0.727,1,1720,1360
raw,eta[8],,,,,,,,-0.452,-0.456,0.881,0.858,-1.86,-1.19,0.274,0.996,1,1300,993
raw,eta[9],,,,,,,,-0.522,-0.541,0.853,0.846,-1.93,-1.22,0.166,0.931,1,1380,1250
raw,eta[10],,,,,,,,-0.159,-0.15,0.825,0.808,-1.56,-0.824,0.531,1.22,1,1510,1330
raw,eta[11],,,,,,,,-0.411,-0.375,0.804,0.816,-1.71,-1.12,0.262,0.898,1,1500,1410
raw,eta[12],,,,,,,,-0.689,-0.701,0.863,0.869,-2.07,-1.41,0.0465,0.746,1,1200,1320
raw,eta[13],,,,,,,,0.00469,0.0292,0.912,0.935,-1.5,-0.75,0.78,1.43,1,1770,1440
raw,eta[14],,,,,,,,-0.0208,-0.0283,1,1.02,-1.63,-0.86,0.851,1.63,1,2200,1500
raw,eta[15],,,,,,,,-0.0147,0.0237,1.02,1.01,-1.74,-0.844,0.828,1.58,1,1730,1320
raw,eta[16],,,,,,,,0.0245,0.0328,0.994,1,-1.66,-0.806,0.883,1.65,1,1930,1440
raw,eta[17],,,,,,,,-0.00257,-0.00942,1.02,1.02,-1.69,-0.883,0.834,1.68,1,2030,1490
raw,voc_mod,,,,,,,,0.589,0.589,0.0308,0.0297,0.541,0.564,0.613,0.639,1,1270,1250
raw,init_cases[1],,,,,,,,89800,89600,6140,5820,79900,84800,94600,99900,1,1360,1340
raw,init_voc_cases[1],,,,,,,,222,221,22.7,21.6,186,203,240,261,1,1610,1060
raw,sqrt_phi[1],,,,,,,,0.000648,0.000165,0.00281,0.00018,1.88e-05,5.49e-05,0.000589,0.00223,1,746,1030
raw,sqrt_phi[2],,,,,,,,0.000133,3.92e-05,0.00052,4.08e-05,5.11e-06,1.4e-05,0.000118,0.000506,1,1760,1150
raw,r[1],,,,,,,,0.133,0.135,0.0762,0.0721,0.00886,0.0737,0.193,0.255,1,950,923
raw,r[2],,,,,,,,0.101,0.102,0.0637,0.0569,-0.00174,0.0541,0.149,0.199,1,1530,1550
raw,r[3],,,,,,,,0.0669,0.0726,0.0713,0.06,-0.0582,0.0166,0.12,0.172,1,1190,1520
raw,r[4],,,,,,,,0.0893,0.0857,0.0763,0.0627,-0.0349,0.0351,0.144,0.22,1,1050,1330
raw,r[5],,,,,,,,0.0347,0.0318,0.0731,0.0633,-0.0746,-0.0199,0.0889,0.151,1,1540,1590
raw,r[6],,,,,,,,-0.0747,-0.0752,0.067,0.0582,-0.183,-0.123,-0.0264,0.0337,1,1920,1760
raw,r[7],,,,,,,,-0.192,-0.191,0.0687,0.0597,-0.307,-0.243,-0.141,-0.0784,1,1910,1290
raw,r[8],,,,,,,,-0.298,-0.297,0.0697,0.0593,-0.413,-0.347,-0.246,-0.183,1,1640,1350
raw,r[9],,,,,,,,-0.376,-0.376,0.0717,0.0589,-0.491,-0.429,-0.324,-0.258,1,1940,1390
raw,r[10],,,,,,,,-0.459,-0.457,0.0691,0.0583,-0.574,-0.509,-0.409,-0.353,1,1880,1620
raw,r[11],,,,,,,,-0.492,-0.496,0.0703,0.0603,-0.599,-0.543,-0.442,-0.37,1,1830,1540
raw,r[12],,,,,,,,-0.551,-0.555,0.0723,0.0643,-0.663,-0.607,-0.497,-0.43,1,1540,1670
raw,r[13],,,,,,,,-0.656,-0.653,0.0831,0.0758,-0.799,-0.72,-0.59,-0.529,1,1530,1530
raw,r[14],,,,,,,,-0.668,-0.67,0.107,0.101,-0.839,-0.751,-0.586,-0.486,1,2110,1640
raw,r[15],,,,,,,,-0.686,-0.686,0.173,0.165,-0.97,-0.822,-0.548,-0.405,1,1780,1400
raw,r[16],,,,,,,,-0.697,-0.695,0.237,0.223,-1.09,-0.877,-0.502,-0.323,1,1790,1430
raw,r[17],,,,,,,,-0.699,-0.702,0.286,0.273,-1.17,-0.923,-0.467,-0.24,1,1850,1390
raw,r[18],,,,,,,,-0.706,-0.7,0.34,0.315,-1.28,-0.967,-0.438,-0.166,1,1740,1620
raw,diff[1],,,,,,,,-0.032,-0.0269,0.101,0.0819,-0.2,-0.107,0.0387,0.125,1,1010,1210
raw,diff[2],,,,,,,,-0.0662,-0.0619,0.117,0.105,-0.263,-0.153,0.0225,0.11,1,945,1160
raw,diff[3],,,,,,,,-0.0438,-0.0457,0.112,0.105,-0.222,-0.134,0.0445,0.13,1,1080,1060
raw,diff[4],,,,,,,,-0.0984,-0.101,0.111,0.102,-0.272,-0.188,-0.0136,0.0795,1,1290,1340
raw,diff[5],,,,,,,,-0.208,-0.209,0.104,0.0955,-0.373,-0.289,-0.13,-0.0395,1,1160,1080
raw,diff[6],,,,,,,,-0.325,-0.327,0.105,0.0925,-0.499,-0.403,-0.245,-0.158,1,1200,1220
raw,diff[7],,,,,,,,-0.431,-0.436,0.105,0.0966,-0.594,-0.514,-0.35,-0.258,1,1110,1330
raw,diff[8],,,,,,,,-0.509,-0.506,0.102,0.0954,-0.676,-0.591,-0.431,-0.352,1,1270,1450
raw,diff[9],,,,,,,,-0.592,-0.59,0.106,0.0958,-0.765,-0.673,-0.512,-0.426,1,1090,1460
raw,diff[10],,,,,,,,-0.625,-0.627,0.104,0.095,-0.79,-0.705,-0.544,-0.453,1,1270,1350
raw,diff[11],,,,,,,,-0.684,-0.687,0.103,0.0942,-0.848,-0.764,-0.605,-0.511,1,1270,1240
raw,diff[12],,,,,,,,-0.789,-0.788,0.119,0.108,-0.984,-0.881,-0.697,-0.603,1,1080,1310
raw,diff[13],,,,,,,,-0.801,-0.805,0.13,0.122,-1,-0.907,-0.7,-0.59,1,1450,1420
raw,diff[14],,,,,,,,-0.819,-0.819,0.189,0.18,-1.13,-0.97,-0.663,-0.515,1,1620,1360
raw,diff[15],,,,,,,,-0.83,-0.831,0.248,0.239,-1.23,-1.03,-0.632,-0.442,1,1680,1570
raw,diff[16],,,,,,,,-0.833,-0.832,0.294,0.273,-1.32,-1.07,-0.595,-0.346,1,1790,1450
raw,diff[17],,,,,,,,-0.839,-0.836,0.348,0.322,-1.42,-1.11,-0.562,-0.275,1,1710,1710
raw,voc_r[1],,,,,,,,0.624,0.621,0.075,0.0665,0.51,0.57,0.68,0.749,1,1700,1700
raw,voc_r[2],,,,,,,,0.514,0.514,0.0687,0.0609,0.401,0.463,0.568,0.622,1,1880,1820
raw,voc_r[3],,,,,,,,0.397,0.397,0.0725,0.0663,0.274,0.341,0.455,0.511,1,1850,1670
raw,voc_r[4],,,,,,,,0.291,0.293,0.0735,0.0678,0.166,0.233,0.349,0.406,1,1860,1460
raw,voc_r[5],,,,,,,,0.213,0.214,0.0784,0.0668,0.0865,0.153,0.268,0.343,1,1660,1480
raw,voc_r[6],,,,,,,,0.13,0.132,0.0733,0.0658,0.00683,0.0745,0.187,0.241,1,1970,1860
raw,voc_r[7],,,,,,,,0.0969,0.0943,0.0739,0.064,-0.0161,0.0405,0.151,0.224,1,1560,1530
raw,voc_r[8],,,,,,,,0.0377,0.0351,0.0724,0.0638,-0.0742,-0.0162,0.0894,0.16,1,1420,1660
raw,voc_r[9],,,,,,,,-0.0671,-0.0631,0.0802,0.0729,-0.207,-0.126,-0.00429,0.0566,1,1740,1660
raw,voc_r[10],,,,,,,,-0.0792,-0.0804,0.102,0.0955,-0.241,-0.159,-0.000231,0.0873,1,2140,1700
raw,voc_r[11],,,,,,,,-0.0969,-0.0972,0.17,0.16,-0.374,-0.23,0.0403,0.185,1,1790,1460
raw,voc_r[12],,,,,,,,-0.108,-0.108,0.234,0.219,-0.494,-0.284,0.0828,0.263,1,1840,1290
raw,voc_r[13],,,,,,,,-0.111,-0.11,0.284,0.268,-0.579,-0.332,0.121,0.346,1,1900,1320
raw,voc_r[14],,,,,,,,-0.117,-0.108,0.338,0.311,-0.673,-0.376,0.149,0.429,1,1800,1540
raw,mean_nvoc_cases[1],,,,,,,,89800,89600,6140,5820,79900,84800,94600,99900,1,1360,1340
raw,mean_nvoc_cases[2],,,,,,,,103000,102000,7220,6730,90700,96900,108000,115000,1,1600,1360
raw,mean_nvoc_cases[3],,,,,,,,114000,113000,8920,8310,1e+05,107000,121000,128000,1,1950,1420
raw,mean_nvoc_cases[4],,,,,,,,121000,121000,10400,9740,105000,113000,129000,139000,1,1730,1570
raw,mean_nvoc_cases[5],,,,,,,,133000,133000,10800,9760,115000,124000,141000,150000,1,1780,1400
raw,mean_nvoc_cases[6],,,,,,,,137000,138000,11300,10300,119000,129000,146000,155000,1,1980,1350
raw,mean_nvoc_cases[7],,,,,,,,128000,128000,10600,9380,111000,120000,136000,145000,1,2200,1660
raw,mean_nvoc_cases[8],,,,,,,,105000,105000,8560,7440,92100,98800,111000,119000,1,2360,1760
raw,mean_nvoc_cases[9],,,,,,,,78200,77900,6190,5620,68300,73400,83100,88900,0.999,2370,1810
raw,mean_nvoc_cases[10],,,,,,,,53700,53400,4290,3800,47200,50300,56900,60900,1,2400,1720
raw,mean_nvoc_cases[11],,,,,,,,33900,33700,2860,2540,29700,31700,36100,38800,1,2090,1610
raw,mean_nvoc_cases[12],,,,,,,,20700,20600,1760,1590,18200,19300,22000,23600,1,2210,1780
raw,mean_nvoc_cases[13],,,,,,,,12000,11900,1080,933,10300,11100,12700,13700,1,2090,1650
raw,mean_nvoc_cases[14],,,,,,,,6210,6180,659,572,5240,5700,6680,7330,1,1910,1250
raw,mean_nvoc_cases[15],,,,,,,,3200,3170,503,434,2470,2810,3540,4060,1,1820,1330
raw,mean_nvoc_cases[16],,,,,,,,1660,1590,489,416,1010,1280,1980,2570,1,1720,1420
raw,mean_nvoc_cases[17],,,,,,,,891,794,469,345,367,545,1150,1760,1,1700,1550
raw,mean_nvoc_cases[18],,,,,,,,513,393,437,256,117,224,711,1310,1,1750,1520
raw,mean_nvoc_cases[19],,,,,,,,328,194,452,166,33.7,88.4,441,993,1,1740,1610
raw,mean_voc_cases[1],,,,,,,,222,221,22.7,21.6,186,203,240,261,1,1610,1060
raw,mean_voc_cases[2],,,,,,,,414,412,47.9,47.3,342,373,452,498,1,1620,1630
raw,mean_voc_cases[3],,,,,,,,694,689,85.7,81,564,624,759,839,1,1640,1730
raw,mean_voc_cases[4],,,,,,,,1030,1020,134,125,831,925,1130,1270,1,2090,1680
raw,mean_voc_cases[5],,,,,,,,1380,1370,188,173,1100,1230,1530,1710,1,1980,1780
raw,mean_voc_cases[6],,,,,,,,1710,1690,253,232,1340,1510,1900,2140,1,2100,1350
raw,mean_voc_cases[7],,,,,,,,1950,1930,322,283,1490,1700,2190,2510,1,2210,1610
raw,mean_voc_cases[8],,,,,,,,2160,2120,379,349,1610,1840,2440,2810,1,1950,1460
raw,mean_voc_cases[9],,,,,,,,2240,2210,412,369,1650,1910,2540,2980,1,1720,1570
raw,mean_voc_cases[10],,,,,,,,2100,2060,397,340,1530,1790,2380,2820,1,1760,1460
raw,mean_voc_cases[11],,,,,,,,1950,1910,400,367,1370,1620,2230,2650,1,1710,1460
raw,mean_voc_cases[12],,,,,,,,1810,1720,550,488,1060,1370,2190,2820,1,1660,1400
raw,mean_voc_cases[13],,,,,,,,1740,1560,879,671,700,1080,2270,3360,1,1770,1190
raw,mean_voc_cases[14],,,,,,,,1780,1400,1420,871,426,813,2430,4590,1,1860,1430
raw,mean_voc_cases[15],,,,,,,,2020,1250,2550,1020,227,584,2670,6430,1,1890,1350
raw,mean_cases[1],,,,,,,,89800,89600,6140,5820,79900,84800,94600,99900,1,1360,1340
raw,mean_cases[2],,,,,,,,103000,102000,7220,6730,90700,96900,108000,115000,1,1600,1360
raw,mean_cases[3],,,,,,,,114000,113000,8920,8310,1e+05,107000,121000,128000,1,1950,1420
raw,mean_cases[4],,,,,,,,121000,121000,10400,9740,105000,113000,129000,139000,1,1730,1570
raw,mean_cases[5],,,,,,,,133000,133000,10800,9750,116000,125000,141000,150000,1,1790,1400
raw,mean_cases[6],,,,,,,,138000,138000,11300,10300,120000,129000,146000,155000,1,1980,1350
raw,mean_cases[7],,,,,,,,128000,128000,10600,9430,112000,120000,136000,146000,1,2190,1660
raw,mean_cases[8],,,,,,,,106000,106000,8640,7520,93000,99800,113000,120000,1,2370,1760
raw,mean_cases[9],,,,,,,,79500,79200,6300,5720,69400,74700,84500,90400,0.999,2360,1810
raw,mean_cases[10],,,,,,,,55400,55200,4420,3980,48700,51900,58700,62900,1,2400,1770
raw,mean_cases[11],,,,,,,,35900,35600,3020,2670,31400,33500,38100,40900,1,2110,1600
raw,mean_cases[12],,,,,,,,22900,22800,1900,1670,20100,21400,24200,26100,1,2200,1720
raw,mean_cases[13],,,,,,,,14200,14100,1190,1040,12500,13300,15000,16100,1,2040,1630
raw,mean_cases[14],,,,,,,,8310,8270,743,626,7220,7740,8820,9520,1,1960,1380
raw,mean_cases[15],,,,,,,,5150,5070,660,531,4250,4650,5580,6290,1,1980,1350
raw,mean_cases[16],,,,,,,,3470,3350,913,766,2270,2740,4090,5070,1,1740,1370
raw,mean_cases[17],,,,,,,,2630,2360,1280,970,1150,1670,3350,5020,1,1810,1220
raw,mean_cases[18],,,,,,,,2300,1810,1810,1110,558,1060,3120,5800,1,1860,1430
raw,mean_cases[19],,,,,,,,2350,1450,2970,1200,274,682,3120,7380,1,1870,1440
raw,rep_by_case[1],,,,,,,,89800,89600,6140,5820,79900,84800,94600,99900,1,1360,1340
raw,rep_by_case[2],,,,,,,,103000,102000,7220,6730,90700,96900,108000,115000,1,1600,1360
raw,rep_by_case[3],,,,,,,,114000,113000,8920,8310,1e+05,107000,121000,128000,1,1950,1420
raw,rep_by_case[4],,,,,,,,121000,121000,10400,9740,105000,113000,129000,139000,1,1730,1570
raw,rep_by_case[5],,,,,,,,133000,133000,10800,9750,116000,125000,141000,150000,1,1790,1400
raw,rep_by_case[6],,,,,,,,138000,138000,11300,10300,120000,129000,146000,155000,1,1980,1350
raw,rep_by_case[7],,,,,,,,128000,128000,10600,9430,112000,120000,136000,146000,1,2190,1660
raw,rep_by_case[8],,,,,,,,106000,106000,8640,7520,93000,99800,113000,120000,1,2370,1760
raw,rep_by_case[9],,,,,,,,79500,79200,6300,5720,69400,74700,84500,90400,0.999,2360,1810
raw,rep_by_case[10],,,,,,,,55400,55200,4420,3980,48700,51900,58700,62900,1,2400,1770
raw,rep_by_case[11],,,,,,,,35900,35600,3020,2670,31400,33500,38100,40900,1,2110,1600
raw,rep_by_case[12],,,,,,,,22900,22800,1900,1670,20100,21400,24200,26100,1,2200,1720
raw,rep_by_case[13],,,,,,,,14200,14100,1190,1040,12500,13300,15000,16100,1,2040,1630
raw,rep_by_case[14],,,,,,,,8310,8270,743,626,7220,7740,8820,9520,1,1960,1380
raw,rep_by_case[15],,,,,,,,5150,5070,660,531,4250,4650,5580,6290,1,1980,1350
raw,rep_by_case[16],,,,,,,,3470,3350,913,766,2270,2740,4090,5070,1,1740,1370
raw,rep_by_case[17],,,,,,,,2630,2360,1280,970,1150,1670,3350,5020,1,1810,1220
raw,rep_by_case[18],,,,,,,,2300,1810,1810,1110,558,1060,3120,5800,1,1860,1430
raw,rep_by_case[19],,,,,,,,2350,1450,2970,1200,274,682,3120,7380,1,1870,1440
raw,frac_voc[1],,,,,,,,0.00168,0.00166,0.000226,0.000203,0.00136,0.0015,0.00185,0.00207,1,1410,1140
raw,frac_voc[2],,,,,,,,0.00302,0.00298,0.000352,0.000324,0.0025,0.00273,0.00327,0.00362,1,1560,1190
raw,frac_voc[3],,,,,,,,0.00542,0.00538,0.000572,0.00053,0.00457,0.00495,0.00585,0.00637,1,1720,1340
raw,frac_voc[4],,,,,,,,0.00971,0.00965,0.001,0.000944,0.00821,0.00891,0.0105,0.0114,1,1860,1640
raw,frac_voc[5],,,,,,,,0.0174,0.0173,0.0019,0.00175,0.0146,0.0159,0.0188,0.0205,1,1970,1540
raw,frac_voc[6],,,,,,,,0.0309,0.0307,0.00379,0.00334,0.0253,0.028,0.0337,0.0374,1,1990,1400
raw,frac_voc[7],,,,,,,,0.0545,0.0542,0.00757,0.00667,0.0435,0.0484,0.0599,0.0675,1,2020,1340
raw,frac_voc[8],,,,,,,,0.0943,0.0936,0.0146,0.0127,0.073,0.0828,0.105,0.119,0.999,1900,1380
raw,frac_voc[9],,,,,,,,0.158,0.157,0.026,0.0227,0.12,0.138,0.177,0.203,1,1800,1290
raw,frac_voc[10],,,,,,,,0.253,0.25,0.0417,0.0363,0.191,0.219,0.283,0.325,1,1710,1240
raw,frac_voc[11],,,,,,,,0.378,0.376,0.0578,0.0514,0.29,0.33,0.421,0.475,1,1640,1180
raw,frac_voc[12],,,,,,,,0.52,0.52,0.0678,0.0608,0.412,0.465,0.573,0.631,1,1570,1190
raw,frac_voc[13],,,,,,,,0.658,0.662,0.0675,0.0608,0.548,0.605,0.712,0.763,1,1530,1210
raw,frac_voc[14],,,,,,,,0.774,0.778,0.0581,0.0516,0.676,0.729,0.82,0.86,1,1500,1220
raw,frac_voc[15],,,,,,,,0.858,0.863,0.0448,0.0384,0.781,0.825,0.893,0.921,1,1480,1240
raw,phi[1],,,,,,,,95.3,78,74.2,53.2,21.2,41.2,135,231,1,746,1030
raw,phi[2],,,,,,,,191,160,133,98.3,44.5,92.2,268,443,1,1760,1150
raw,snvoc_eta[1],,,,,,,,-0.032,-0.0269,0.101,0.0819,-0.2,-0.107,0.0387,0.125,1,1010,1210
raw,snvoc_eta[2],,,,,,,,-0.0298,-0.0227,0.0977,0.0825,-0.195,-0.102,0.0408,0.117,1,1160,1530
raw,snvoc_eta[3],,,,,,,,0.0231,0.0173,0.109,0.0883,-0.143,-0.0524,0.1,0.216,1,950,1240
raw,snvoc_eta[4],,,,,,,,-0.0458,-0.0455,0.101,0.0802,-0.206,-0.119,0.0235,0.114,1,1080,1130
raw,snvoc_eta[5],,,,,,,,-0.1,-0.0869,0.101,0.0857,-0.286,-0.178,-0.0241,0.0453,1,1200,1380
raw,snvoc_eta[6],,,,,,,,-0.0946,-0.0858,0.103,0.0924,-0.282,-0.173,-0.0133,0.0486,1,1500,1470
raw,snvoc_eta[7],,,,,,,,-0.0799,-0.0673,0.105,0.0934,-0.269,-0.164,0.0012,0.0718,1,1530,1440
raw,snvoc_eta[8],,,,,,,,-0.0534,-0.0472,0.11,0.0918,-0.246,-0.13,0.0267,0.104,1,1330,1050
raw,snvoc_eta[9],,,,,,,,-0.0645,-0.0535,0.107,0.0903,-0.25,-0.143,0.0156,0.0888,1,1190,1490
raw,snvoc_eta[10],,,,,,,,-0.0162,-0.0142,0.101,0.0843,-0.18,-0.0933,0.0568,0.148,1,1670,1590
raw,snvoc_eta[11],,,,,,,,-0.0459,-0.038,0.0987,0.0836,-0.22,-0.119,0.0269,0.108,1,1620,1590
raw,snvoc_eta[12],,,,,,,,-0.089,-0.0742,0.114,0.101,-0.297,-0.176,0.00327,0.0706,1,996,1340
raw,snvoc_eta[13],,,,,,,,0.00115,0.00293,0.114,0.0892,-0.181,-0.0774,0.0781,0.187,1,1720,1410
raw,snvoc_eta[14],,,,,,,,-0.00309,-0.00251,0.129,0.102,-0.217,-0.0887,0.0887,0.201,1,2130,1440
raw,snvoc_eta[15],,,,,,,,-0.00235,0.00197,0.134,0.102,-0.225,-0.0914,0.0857,0.201,1,1410,1110
raw,snvoc_eta[16],,,,,,,,0.00217,0.0031,0.13,0.1,-0.213,-0.088,0.0927,0.206,1,1870,1550
raw,snvoc_eta[17],,,,,,,,-0.00167,-0.000977,0.134,0.102,-0.22,-0.0934,0.0881,0.208,1,1740,1330
raw,voc_advantage[1],,,,,,,,0.589,0.589,0.0308,0.0297,0.541,0.564,0.613,0.639,1,1270,1250
raw,voc_advantage[2],,,,,,,,0.589,0.589,0.0308,0.0297,0.541,0.564,0.613,0.639,1,1270,1250
raw,voc_advantage[3],,,,,,,,0.589,0.589,0.0308,0.0297,0.541,0.564,0.613,0.639,1,1270,1250
raw,voc_advantage[4],,,,,,,,0.589,0.589,0.0308,0.0297,0.541,0.564,0.613,0.639,1,1270,1250
raw,voc_advantage[5],,,,,,,,0.589,0.589,0.0308,0.0297,0.541,0.564,0.613,0.639,1,1270,1250
raw,voc_advantage[6],,,,,,,,0.589,0.589,0.0308,0.0297,0.541,0.564,0.613,0.639,1,1270,1250
raw,voc_advantage[7],,,,,,,,0.589,0.589,0.0308,0.0297,0.541,0.564,0.613,0.639,1,1270,1250
raw,voc_advantage[8],,,,,,,,0.589,0.589,0.0308,0.0297,0.541,0.564,0.613,0.639,1,1270,1250
raw,voc_advantage[9],,,,,,,,0.589,0.589,0.0308,0.0297,0.541,0.564,0.613,0.639,1,1270,1250
raw,voc_advantage[10],,,,,,,,0.589,0.589,0.0308,0.0297,0.541,0.564,0.613,0.639,1,1270,1250
raw,voc_advantage[11],,,,,,,,0.589,0.589,0.0308,0.0297,0.541,0.564,0.613,0.639,1,1270,1250
raw,voc_advantage[12],,,,,,,,0.589,0.589,0.0308,0.0297,0.541,0.564,0.613,0.639,1,1270,1250
raw,voc_advantage[13],,,,,,,,0.589,0.589,0.0308,0.0297,0.541,0.564,0.613,0.639,1,1270,1250
raw,voc_advantage[14],,,,,,,,0.589,0.589,0.0308,0.0297,0.541,0.564,0.613,0.639,1,1270,1250
raw,avg_voc_advantage,,,,,,,,0.589,0.589,0.0308,0.0297,0.541,0.564,0.613,0.639,1,1270,1250
raw,com_r[1],,,,,,,,0.133,0.135,0.0762,0.0721,0.00886,0.0737,0.193,0.255,1,950,923
raw,com_r[2],,,,,,,,0.101,0.102,0.0637,0.0569,-0.00174,0.0541,0.149,0.199,1,1530,1550
raw,com_r[3],,,,,,,,0.0669,0.0726,0.0713,0.06,-0.0582,0.0166,0.12,0.172,1,1190,1520
raw,com_r[4],,,,,,,,0.0893,0.0857,0.0763,0.0627,-0.0349,0.0351,0.144,0.22,1,1050,1330
raw,com_r[5],,,,,,,,0.0365,0.0337,0.0731,0.0633,-0.073,-0.0181,0.0907,0.153,1,1540,1530
raw,com_r[6],,,,,,,,-0.0715,-0.0722,0.067,0.0583,-0.18,-0.12,-0.0232,0.0371,1,1920,1760
raw,com_r[7],,,,,,,,-0.186,-0.185,0.0687,0.0598,-0.301,-0.237,-0.136,-0.0726,1,1920,1290
raw,com_r[8],,,,,,,,-0.288,-0.286,0.0696,0.0595,-0.403,-0.337,-0.236,-0.174,1,1640,1330
raw,com_r[9],,,,,,,,-0.358,-0.358,0.0717,0.0586,-0.473,-0.41,-0.307,-0.239,1,1930,1400
raw,com_r[10],,,,,,,,-0.427,-0.425,0.069,0.0583,-0.544,-0.477,-0.376,-0.323,1,1910,1760
raw,com_r[11],,,,,,,,-0.436,-0.44,0.0698,0.0592,-0.545,-0.487,-0.389,-0.315,1,1760,1560
raw,com_r[12],,,,,,,,-0.457,-0.462,0.0703,0.0615,-0.565,-0.51,-0.405,-0.338,0.999,1460,1660
raw,com_r[13],,,,,,,,-0.506,-0.502,0.0803,0.0715,-0.646,-0.567,-0.443,-0.386,1,1690,1660
raw,com_r[14],,,,,,,,-0.444,-0.444,0.103,0.0966,-0.607,-0.525,-0.365,-0.279,1,2140,1790
raw,com_r[15],,,,,,,,-0.378,-0.376,0.171,0.16,-0.659,-0.511,-0.242,-0.096,1,1780,1360
raw,com_r[16],,,,,,,,-0.307,-0.308,0.235,0.22,-0.688,-0.484,-0.117,0.059,1,1840,1340
raw,com_r[17],,,,,,,,-0.242,-0.241,0.284,0.266,-0.704,-0.463,-0.00559,0.216,1,1930,1400
raw,com_r[18],,,,,,,,-0.199,-0.192,0.338,0.307,-0.753,-0.457,0.0598,0.339,1,1830,1470
raw,sim_voc_cases[1],,,,,,,,221,219,40.4,37.1,160,189,253,291,1,2000,1760
raw,sim_voc_cases[2],,,,,,,,417,411,82.6,72.6,301,353,475,559,0.999,1600,1480
raw,sim_voc_cases[3],,,,,,,,692,684,125,114,501,594,785,902,1,1780,1660
raw,sim_voc_cases[4],,,,,,,,1030,1010,203,177,735,871,1170,1380,1,2050,1880
raw,sim_voc_cases[5],,,,,,,,1380,1360,266,245,991,1160,1580,1840,0.999,2340,2000
raw,sim_voc_cases[6],,,,,,,,1710,1670,355,320,1200,1430,1970,2330,1,2230,1700
raw,sim_voc_cases[7],,,,,,,,1960,1910,437,372,1360,1630,2260,2690,1,2100,1820
raw,sim_voc_cases[8],,,,,,,,2150,2110,478,434,1480,1770,2510,3010,1,1770,1320
raw,sim_voc_cases[9],,,,,,,,2230,2180,508,442,1490,1840,2600,3120,1,1680,1190
raw,sim_voc_cases[10],,,,,,,,2100,2050,504,450,1380,1700,2450,2970,1,1790,1570
raw,sim_voc_cases[11],,,,,,,,1950,1880,505,429,1260,1560,2290,2800,1,1650,1270
raw,sim_voc_cases[12],,,,,,,,1810,1720,618,524,980,1320,2240,2970,1,1750,1660
raw,sim_voc_cases[13],,,,,,,,1730,1550,907,696,687,1030,2290,3400,1,1790,1500
raw,sim_voc_cases[14],,,,,,,,1780,1380,1500,872,395,789,2400,4580,1,2010,1350
raw,sim_voc_cases[15],,,,,,,,2010,1240,2520,1020,220,572,2740,6400,1,2000,1480
raw,sim_nvoc_cases[1],,,,,,,,89700,89100,13800,12200,68400,79200,1e+05,112000,1,1630,1660
raw,sim_nvoc_cases[2],,,,,,,,103000,102000,14900,13200,78900,91100,113000,127000,1,2030,1750
raw,sim_nvoc_cases[3],,,,,,,,114000,113000,17800,14700,87900,101000,126000,144000,1,1810,1630
raw,sim_nvoc_cases[4],,,,,,,,122000,121000,19200,16200,92500,107000,135000,154000,1,1820,1580
raw,sim_nvoc_cases[5],,,,,,,,133000,133000,20800,18100,101000,117000,148000,168000,1,1830,1610
raw,sim_nvoc_cases[6],,,,,,,,137000,137000,21200,18800,105000,121000,153000,171000,1,1860,1520
raw,sim_nvoc_cases[7],,,,,,,,128000,127000,20000,17400,96500,113000,142000,160000,1,1980,1660
raw,sim_nvoc_cases[8],,,,,,,,106000,105000,16600,13700,81300,93100,117000,132000,1,2230,1970
raw,sim_nvoc_cases[9],,,,,,,,78300,77500,12400,10700,60000,69100,87200,99000,0.999,2100,1860
raw,sim_nvoc_cases[10],,,,,,,,53600,53200,8020,7210,41000,47400,59800,67400,1,2090,1820
raw,sim_nvoc_cases[11],,,,,,,,33800,33500,5370,4500,25700,29800,37600,42500,1,2170,1870
raw,sim_nvoc_cases[12],,,,,,,,20700,20500,3320,2780,15800,18200,23000,26200,1,2080,1790
raw,sim_nvoc_cases[13],,,,,,,,12000,11800,1950,1650,9100,10500,13300,15100,1,1890,1750
raw,sim_nvoc_cases[14],,,,,,,,6180,6090,1060,941,4660,5350,6930,7930,1,1910,1670
raw,sim_nvoc_cases[15],,,,,,,,3180,3120,660,549,2260,2670,3630,4330,1,2010,1530
raw,sim_nvoc_cases[16],,,,,,,,1660,1590,537,440,938,1240,2000,2640,1,1920,1290
raw,sim_nvoc_cases[17],,,,,,,,895,790,499,355,352,531,1170,1790,1,1810,1590
raw,sim_nvoc_cases[18],,,,,,,,514,388,453,259,117,218,702,1310,1,1810,1700
raw,sim_nvoc_cases[19],,,,,,,,328,194,456,170,33,85,438,1010,1,1750,1730
raw,sim_cases[1],,,,,,,,89700,89100,13800,12200,68400,79200,1e+05,112000,1,1630,1660
raw,sim_cases[2],,,,,,,,103000,102000,14900,13200,78900,91100,113000,127000,1,2030,1750
raw,sim_cases[3],,,,,,,,114000,113000,17800,14700,87900,101000,126000,144000,1,1810,1630
raw,sim_cases[4],,,,,,,,122000,121000,19200,16200,92500,107000,135000,154000,1,1820,1580
raw,sim_cases[5],,,,,,,,133000,133000,20800,18000,101000,117000,149000,168000,1,1830,1610
raw,sim_cases[6],,,,,,,,138000,137000,21200,18800,105000,122000,153000,172000,1,1860,1520
raw,sim_cases[7],,,,,,,,129000,128000,20000,17400,97200,114000,143000,161000,1,1980,1660
raw,sim_cases[8],,,,,,,,107000,106000,16700,13800,82300,94100,118000,133000,1,2230,1980
raw,sim_cases[9],,,,,,,,79700,78900,12500,10700,61200,70400,88700,1e+05,0.999,2100,1860
raw,sim_cases[10],,,,,,,,55400,54900,8090,7300,42600,49000,61500,69300,1,2090,1810
raw,sim_cases[11],,,,,,,,35800,35500,5490,4620,27700,31800,39600,44700,1,2180,1820
raw,sim_cases[12],,,,,,,,22900,22700,3420,2880,17800,20300,25200,28400,1,2050,1820
raw,sim_cases[13],,,,,,,,14200,14100,2050,1700,11100,12700,15600,17500,1,1830,1710
raw,sim_cases[14],,,,,,,,8280,8220,1170,971,6580,7400,9010,10200,1,1950,1720
raw,sim_cases[15],,,,,,,,5130,5040,833,678,3990,4510,5670,6590,1,1960,1440
raw,sim_cases[16],,,,,,,,3470,3320,990,830,2160,2710,4130,5280,1,1800,1540
raw,sim_cases[17],,,,,,,,2620,2360,1310,1000,1130,1630,3380,5150,1,1850,1300
raw,sim_cases[18],,,,,,,,2300,1790,1890,1100,529,1050,3090,5790,1,1970,1460
raw,sim_cases[19],,,,,,,,2330,1450,2930,1190,259,673,3150,7380,1,1970,1490
raw,log_lik[1],,,,,,,,-10.4,-10.3,0.443,0.403,-11.1,-10.7,-10,-9.73,1,862,1230
raw,log_lik[2],,,,,,,,-10.7,-10.7,0.508,0.457,-11.6,-11.1,-10.3,-10,1,971,1050
raw,log_lik[3],,,,,,,,-10.7,-10.7,0.512,0.43,-11.6,-11.1,-10.3,-10,1,1100,1450
raw,log_lik[4],,,,,,,,-11.2,-11,0.857,0.622,-12.8,-11.7,-10.6,-10.2,1,1630,1340
raw,log_lik[5],,,,,,,,-14.8,-14.7,0.723,0.66,-16,-15.3,-14.2,-13.7,1.01,1270,1680
raw,log_lik[6],,,,,,,,-16.2,-16.1,0.604,0.553,-17.3,-16.7,-15.7,-15.4,1,891,1050
raw,log_lik[7],,,,,,,,-16.7,-16.6,0.529,0.493,-17.6,-17.1,-16.2,-16,1,969,1390
raw,log_lik[8],,,,,,,,-16.4,-16.3,0.505,0.465,-17.2,-16.8,-16,-15.7,1,909,1420
raw,log_lik[9],,,,,,,,-15.6,-15.5,0.512,0.49,-16.5,-16,-15.2,-14.8,1,942,1660
raw,log_lik[10],,,,,,,,-15,-14.9,0.594,0.553,-16.1,-15.5,-14.5,-14.1,1,1090,1280
raw,log_lik[11],,,,,,,,-14.7,-14.6,0.693,0.623,-16,-15.2,-14.1,-13.7,1,1300,1500
raw,log_lik[12],,,,,,,,-13.8,-13.8,0.579,0.544,-14.8,-14.3,-13.4,-13,1.01,915,1160
raw,log_lik[13],,,,,,,,-13.5,-13.4,0.867,0.777,-15.1,-14.1,-12.7,-12.3,1,1220,1490
raw,log_lik[14],,,,,,,,-8.16,-8.07,0.598,0.491,-9.2,-8.56,-7.69,-7.42,1,1070,1250
raw,log_lik[15],,,,,,,,-7.73,-7.59,0.697,0.532,-9.01,-8.15,-7.2,-6.88,1,910,1320
